<?xml version="1.0" encoding="UTF-8"?>
<project-private xmlns="http://www.netbeans.org/ns/project-private/1">
    <editor-bookmarks xmlns="http://www.netbeans.org/ns/editor-bookmarks/2" lastBookmarkId="0"/>
    <open-files xmlns="http://www.netbeans.org/ns/projectui-open-files/2">
        <group>
            <file>file:/C:/Users/tg178/OneDrive/Documentos/NetBeansProjects/parcialCine121/src/parcialcine121/ParcialCine121.java</file>
            <file>file:/C:/Users/tg178/OneDrive/Documentos/NetBeansProjects/parcialCine121/src/config/config.java</file>
        </group>
    </open-files>
</project-private>
